Time (s),ROI.01 [],ROI.02 [],ROI.04 [],ROI.05 [],ROI.06 [],ROI.07 [],ROI.08 [],ROI.09 [],ROI.10 [],ROI.11 [],ROI.12 [],ROI.000 []
0.258,0.6310697692268968,0.09987092058860819,0.05187657623219269,0.08203280436262815,0.35011695442884466,0.036752553615379546,0.026974979290190007,0.055032940425903426,0.17415258008123224,0.33954481076291193,0.03847383793325279,
0.784,0.5992988722000335,0.09471951852103005,0.04385112944815614,0.08422687232642569,0.36084541555369165,0.03784394200112677,0.021835309011031118,0.06451547749189698,0.1821885841485226,0.3066685170825685,0.037499229281983286,
1.277,0.5722755138898902,0.09246128619012654,0.039358289223139345,0.08282118881218412,0.3209987639856761,0.03692410037622004,0.022374772493784386,0.06379529942292839,0.17292962748767252,0.38895759197686075,0.03859124571939619,
1.787,0.5646040979883982,0.09881876569887779,0.0582231402437124,0.08506625640332303,0.3473474568145824,0.036406202956374784,0.026249369390121884,0.04445574670504641,0.183922111346381,0.3307041456540158,0.03930462271947863,
2.277,0.558862765820064,0.0985394580586919,0.04915690204275515,0.08300056810220344,0.40072899112776444,0.03918334684216786,0.024835034194123435,0.06911494587674062,0.19438932284832483,0.3183587372178074,0.03977006245652722,
2.778,0.5418175741855127,0.09667807082189085,0.04071439691152449,0.07997810311543951,0.2762487747062149,0.03724716458241311,0.02742133085432903,0.05257285382195155,0.17411191137146764,0.3235212381994784,0.037667551859104816,
3.278,0.5288485033620419,0.09620514219820826,0.0434028386941869,0.07957481393457448,0.3475682898541332,0.037953595585363605,0.01983403030043549,0.05304778213303663,0.18639619255820344,0.2762658663224364,0.038533236801603823,
3.777,0.5288998010338036,0.09783218496137662,0.04080791388441035,0.08291957393278139,0.3540058976849297,0.03694071876161002,0.020549465469733467,0.0648159501687602,0.18152397992274805,0.30722848710365225,0.03940199039320098,
4.284,0.5063242607852291,0.09456313285723347,0.035193209498724724,0.07878353555100621,0.34293702172181845,0.03570823835772789,0.023615519076120525,0.05079131203774762,0.16435944768107377,0.21155186897967196,0.03639444522099812,
4.777,0.4887849505822421,0.09517336410871222,0.03391836910683253,0.07826745634887702,0.3320623343635203,0.03679375404553248,0.021238163595673064,0.05387304459998251,0.177802343213897,0.22497254882322884,0.03553792617206705,
5.277,0.48890692745320175,0.09269629445229975,0.03129841707686922,0.08015217383118793,0.30295143312539163,0.038590972828129046,0.0243928285398686,0.058798094152687594,0.1742114586171259,0.17236686000160648,0.03862488345544523,
5.788,0.4729576852672793,0.09594442504778045,0.038981583900842234,0.07781133096757052,0.2958393288614155,0.03394680603804538,0.01833231576591071,0.05215491631279078,0.17055069000630904,0.18466673138177034,0.03434976041700157,
6.278,0.4609430767741594,0.0936444436241451,0.040363822706121995,0.07803930891822289,0.2736919336749118,0.03592005129186783,0.019874401722586622,0.05405401486970142,0.17723174414474824,0.11956389318921093,0.03487828371732469,
6.781,0.468791780840931,0.0932602965964586,0.03625980014823747,0.08081794885442213,0.25188029301548165,0.034883932613272786,0.019995378678243327,0.0430999310970571,0.1759103769952702,0.1793619361601523,0.034789778200357765,
7.285,0.4449892810719763,0.09377945715882133,0.03048106864390348,0.07788961669541011,0.22225284405309223,0.033475949746680334,0.01223069797950839,0.04139631100817981,0.175061566528489,0.14385258501498363,0.0351543886466177,
7.784,0.44075084218414284,0.08956913258189608,0.03730946994592337,0.07552000199255057,0.2115406282959052,0.03411230863718655,0.016262645464118798,0.04577512501100379,0.1669006017769762,0.1697097097707156,0.03457734305290122,
8.277,0.4532339827053297,0.09446052903943172,0.04426968175132148,0.07974365595836144,0.31557905779287093,0.034188651931417985,0.022170757558302712,0.05769698152906183,0.16420875875878765,0.15900340535600113,0.03684287815317319,
8.791,0.4443671746703877,0.09435295298746905,0.048676797130812036,0.07926452933399848,0.3023129465601297,0.03493770924808057,0.018359252640314683,0.05551068298947178,0.18902051476500256,0.13132894809824627,0.03300132213786633,
9.278,0.4544211637430937,0.09108193587102294,0.03758647552051205,0.07949242344424118,0.28178354578067144,0.034492731594073026,0.017670467745650283,0.050230224169674084,0.17155419499813052,0.16432593978950122,0.036562136562955136,
9.777,0.439610804332544,0.08764327220740672,0.03615253334410216,0.07564424558754658,0.3303342789349285,0.03389292564247928,0.014502199682792018,0.052573154160656756,0.17411187533135913,0.14344043757836655,0.03554809130409167,
10.287,0.4388735242547442,0.09249540609765619,0.038407375496470386,0.07697127724674087,0.32198684261785676,0.03325746161557392,0.017209151348639668,0.03903461378834381,0.17252843834834866,0.11471615937153239,0.03437829493353964,
10.775,0.4387186855149105,0.09074878567411053,0.036784342264115893,0.07718561745463565,0.31813684283591437,0.034676760172837884,0.022133794657796,0.04193801608438001,0.1762856724061321,0.13544934913475773,0.03575102594117596,
11.288,0.4480822375121765,0.09602013048305015,0.04585258273809881,0.08091873710070112,0.3294792970047033,0.03470565010289302,0.026234426468567062,0.061463586163237244,0.17897750586268646,0.1427548252602914,0.034266740359712104,
11.778,0.42619377572911243,0.09108348614478644,0.031143196335342422,0.07346141278056247,0.27516874155705745,0.03229348683886151,0.017745693324893782,0.05539456836790167,0.1812402646827634,0.11944732540669084,0.03154344401295998,
12.278,0.4170224776140302,0.09141224099539311,0.04178725616807967,0.07553851075613162,0.3179574387702183,0.032297601913422194,0.012948057253005522,0.035957092097365084,0.17309869099097097,0.12111159412972908,0.033768179625193795,
12.777,0.425681093123999,0.09061720880107227,0.04054164304893772,0.07475466952209818,0.31496228947388816,0.03209381301750057,0.018549898469823384,0.04144961368580411,0.1770849387300923,0.061968296188564136,0.033600112610080786,
13.286,0.42521766859223115,0.09009359370627303,0.03383349686058743,0.07650098427277953,0.3135803756894887,0.03270639826883106,0.020300074863593816,0.058705128377727074,0.1838514594569761,0.08200920644459554,0.033368978273765525,
13.778,0.42776856473059327,0.09330151987456323,0.03459302352166834,0.07416249253938499,0.33193456117120157,0.03358690025011412,0.015416933599610029,0.06106694380666406,0.17439837448731654,0.11587644127572877,0.036658855606444066,
14.278,0.413696390806551,0.09033505984532299,0.027213632838489692,0.07299430124489023,0.2829310249882963,0.03173361607819753,0.013609783738577451,0.05515983571847661,0.18835547070258354,0.1473883531449593,0.033201035229788615,
14.776,0.42377168272882376,0.09621136267717285,0.038528535185490244,0.07977148234384533,0.29178200795554066,0.03416022359499677,0.022231799223385036,0.050822797691421076,0.1734984635326137,0.16036863607314322,0.035082092769521,
15.288,0.4252832169799232,0.09570818046513477,0.03065272337831416,0.07686357612344881,0.33062747824644256,0.034180712412488524,0.02175435932405488,0.05476574580310382,0.18311458153601906,0.11266419003733395,0.03425069519591003,
15.778,0.4260402963166897,0.09263483692161585,0.031397177916347566,0.07630581401634544,0.2520949003569558,0.0333275033891742,0.02568748363696385,0.05163842742917468,0.17931418905760807,0.12817130424862577,0.033552372292337054,
16.287,0.4267331601207087,0.0913948986959871,0.0356321044948384,0.07545930656180394,0.22970676124915074,0.03316841118579618,0.025728231933455685,0.040789479716297136,0.18133445371758222,0.13588617618383447,0.032918910907703,
16.777,0.4391258382127804,0.08957241547936276,0.04237478095137043,0.07748968437005349,0.26675259552022945,0.03145809313957375,0.022356933482819617,0.05691761659555512,0.177427311852109,0.11082675142256007,0.03430534210466336,
17.289,0.42676018637767527,0.09018398492551676,0.030929389439099134,0.0731296941772058,0.30649613471046455,0.03214309074909449,0.018946119903585086,0.03779276489859741,0.1877318176235018,0.144363551264575,0.03106135153824335,
17.777,0.43120277575228766,0.08676417523070468,0.03749534325048873,0.07424585691001717,0.26271520640812346,0.032873053153059544,0.021181731191425555,0.05328386499321103,0.17710459236787476,0.1297077547429011,0.03314727070679282,
18.288,0.4342977341465302,0.09201522415070458,0.029740077909372543,0.07449873528726435,0.3110235675193012,0.032056210678701874,0.017174864840273495,0.0671336587133658,0.175933675834527,0.11922187460333883,0.03242805798971118,
18.776,0.4310913135718826,0.09156932366167567,0.03806983490086499,0.07534187707046366,0.32888546578264055,0.031772474886733425,0.01714887833192853,0.04864864491916728,0.17850676589662562,0.13041845927796775,0.032347308213422264,
19.277,0.43252377076329,0.09072204209028104,0.02951059138930575,0.07504508376178298,0.30893246785525685,0.03118472771879765,0.018361772147548912,0.03935593592566636,0.18209032257926341,0.14488370633107514,0.03471155261278874,
19.789,0.42834395053477875,0.089854231206838,0.03204977204175499,0.07605962973939477,0.3038100238096694,0.03305217107933827,0.020432075247640038,0.04854855157258684,0.18904155925752875,0.13461719247037784,0.034440589753651274,
20.276,0.4216594925889794,0.08943990769066154,0.03234012737448811,0.07469082719670982,0.3245200056824653,0.03153309734181655,0.0202331180242415,0.040742564708839996,0.16923233993036563,0.15978532879856927,0.03351128165007963,
20.787,0.41896463840208226,0.09416480854536632,0.029479165860209714,0.0767121466406568,0.3813901893859957,0.03357579244925618,0.021155026576770847,0.0611499239763267,0.16761383443212807,0.2026630824596866,0.03542542253976984,
21.277,0.40838577042148505,0.0929096913361483,0.03854845157891208,0.07888730499011021,0.33084214234811377,0.03206762288244653,0.018424210000600533,0.04354694366964843,0.1615900514567555,0.19420371283268775,0.03410368061556822,
21.778,0.4179621357341914,0.09281776492551355,0.02924017915330068,0.07204616677996607,0.30112383523696856,0.031753396220520286,0.021266317861860135,0.04690438979134588,0.17131090869071974,0.1845544861904092,0.03307515765328906,
22.278,0.41297572332786,0.08945744753126794,0.026279148813164205,0.07609299013272383,0.3527359120342752,0.03087268885102407,0.021769941763370923,0.045859239112545525,0.16336645390279464,0.1626901589081231,0.032567997191807904,
22.778,0.41967217891107456,0.09266578233978205,0.027765821962119294,0.07570993510100013,0.34767230442036196,0.03111316532747727,0.017714840463132434,0.03356954210693726,0.15801514808229958,0.18983613233981822,0.03370238343505057,
23.278,0.4159085040225425,0.09205221423180696,0.043326348432805015,0.07462983544581944,0.3227312437226616,0.031937386552628316,0.02366849884395989,0.055912482765804926,0.16561174355815253,0.10924203036645184,0.030564620493392692,
23.777,0.4181662252614464,0.09155107211734137,0.0408580770455711,0.07324969609432062,0.2982138471573847,0.032913226308584745,0.02141105133993717,0.058170345101750454,0.16889740578489826,0.16344347184283461,0.03274031486794629,
24.284,0.41646068678451936,0.08718329260587403,0.03528654622409217,0.07337834904800641,0.31587711458270434,0.03221155539662604,0.02232081402125761,0.053690282805501116,0.16127992615832334,0.12149641069032154,0.032245965191856955,
24.786,0.41250772099309974,0.09048908933475551,0.03153480974590197,0.07550902195532475,0.3076468283380438,0.032987904670628856,0.019581256297574255,0.042243617285463164,0.18331877386660075,0.16103005665579062,0.03238304263076881,
25.277,0.41775421934918966,0.08978639714616565,0.04398524168325302,0.07509694842080786,0.3003562371333903,0.032577279847954825,0.023067294287453587,0.061514667385168136,0.16175769394929135,0.16738918917460194,0.03367537993448767,
25.788,0.4081729189759318,0.09272822801210234,0.027733738386676705,0.07425075653731705,0.3311077293143528,0.03300141117125939,0.0221839484523944,0.05235398220846162,0.17154276733562707,0.11964656466365553,0.03405957772030181,
26.279,0.40741486841339897,0.0935234921049777,0.027377679984633706,0.0766140677355246,0.3867044201841632,0.03494249207582554,0.019241191769993313,0.041970017480038604,0.16069951681934652,0.13797248370362444,0.03803093261996063,
26.787,0.41017806250312167,0.0927509915870767,0.027618748120828446,0.07687521572936146,0.3569476236805182,0.03460800781363881,0.024712930705546327,0.057647772389199756,0.17303233890941058,0.10002174807321022,0.03801049863724173,
27.284,0.41650131967376064,0.09051108098534132,0.04349157815500021,0.07490956434916926,0.38361486970740644,0.03518229486474174,0.02118349870285903,0.056709029174803964,0.17693603195532348,0.1296524322657659,0.03264712842538823,
27.784,0.4052071370066076,0.09473988323356898,0.035607983757348916,0.0722903572380499,0.3488577562039685,0.034225753338931936,0.019904652461849505,0.06542097855275565,0.15656347969007586,0.13204707951701086,0.03438959550683384,
28.277,0.40756793106576966,0.08989709312954014,0.02641171225510425,0.07588734612009135,0.3110597566299779,0.035140588354187034,0.0174634755028742,0.04651641347612558,0.16236146538164836,0.16166729247286468,0.03399710508958975,
28.777,0.41594653289015204,0.09430550040966107,0.03817745552414982,0.07467619038552795,0.31820824119706426,0.03429980859438778,0.019857909818270427,0.05881779392009498,0.16889668277578626,0.19084130277524605,0.03622968737805134,
29.293,0.4215956148844244,0.09309292512598677,0.019615017820839912,0.07921945646915333,0.2788675321573282,0.03564335479067419,0.019619767012233207,0.06293382381343751,0.16339693649568499,0.20952459459103617,0.037674095560078315,
29.778,0.4151444908285051,0.09341524916087125,0.027500171979109884,0.07522408972803075,0.24103453543673065,0.03459144261501124,0.020269344120800833,0.055526657856418575,0.17285861519696463,0.11076499733113196,0.03592457340298116,
30.277,0.4278734578401553,0.0931665984132598,0.03991636976916711,0.07608377632178405,0.31906342328175724,0.03555359569962589,0.02344493347899359,0.062217009012571836,0.20655673693377835,0.20749702747609014,0.03712753894579239,
30.776,0.4300606336995802,0.09299143898413874,0.032668217851973325,0.07815874644173125,0.3456433691285993,0.03464448187574766,0.01867716279964797,0.05232155350874347,0.19247103483279387,0.2017690671587323,0.03700620268322361,
31.287,0.42887155416927975,0.09381396626828799,0.03270135048690193,0.07799721652652762,0.2879040403303201,0.03496094500181071,0.016486820547505034,0.05963361892182126,0.20055031353172306,0.16635290193676153,0.03435823682451065,
31.777,0.4297514550689709,0.09055269575222265,0.03787874157193524,0.07598958520155853,0.2742669951939507,0.03409280413631672,0.014301744895149533,0.055751169357976596,0.1814919262745276,0.09984403813652618,0.03503752196216158,
32.277,0.4482394774796113,0.09305188501453522,0.045212407569027835,0.07867776743529019,0.3175364901652996,0.03517092976054578,0.01750566643928254,0.06181888772867701,0.18623214525227635,0.14219100101000157,0.0344833892726199,
32.777,0.4435330605438658,0.09239836975120036,0.03967658768446892,0.07036183871055707,0.3510780211791703,0.03219154724051739,0.020487384916939366,0.05505561118234057,0.16826936684293345,0.12459101105901821,0.03435119899352927,
33.277,0.44313477662582423,0.0923105592542858,0.026988623418032993,0.07692648882761871,0.2697800981324209,0.03338985597051449,0.01832740646635505,0.06584260681311356,0.19585057276591572,0.12388912176639004,0.03614490440406096,
33.787,0.4261574532461371,0.08869189836213787,0.030239348183480043,0.07483585979894562,0.28730445840338165,0.03248718500760168,0.014160772856720264,0.049552611888476324,0.1865203147578408,0.11622599407827508,0.035355724893203974,
34.279,0.42991919078337926,0.0920478048920858,0.032455758997103214,0.07533640711236936,0.24346203788896295,0.03311339732272066,0.018382348610126227,0.04719291371606348,0.17592671273475377,0.15888840993173364,0.030722030402061343,
34.778,0.4196854996887244,0.0929363867869997,0.030028107191195273,0.07846359220950926,0.24600413919166306,0.03413789925711822,0.020289582272911423,0.06050405040385254,0.1957773068639509,0.13431047527856393,0.0339181535715434,
35.287,0.42501943677783405,0.09023272941629028,0.035592383289864346,0.07337941216619857,0.2713193840616933,0.03256299027044219,0.015938901348424336,0.05169404875665075,0.1749162475852264,0.18252749198280374,0.032782683470660004,
35.777,0.41537272547959186,0.09479097420678925,0.04708575544283547,0.07743544411233666,0.2240847646790724,0.032969026472825916,0.015607102931384027,0.04824693533200473,0.19419653243730794,0.16740516227140745,0.03407111019430641,
36.288,0.41425929251044374,0.09517250473913064,0.029166450779353092,0.0752711439976338,0.29365604763979875,0.03314163417564847,0.018460209388250944,0.04808562717792172,0.20141671672938094,0.16653459295072082,0.032880646536705846,
36.778,0.4135634050103226,0.09229043313754166,0.03594341622036453,0.07962291423043698,0.3173499821117083,0.033399518423969855,0.015509280667814169,0.054219659984759555,0.19447172602588828,0.14541688632277788,0.03288625210750816,
37.287,0.4273638674196599,0.09162815582178883,0.04204069366869038,0.08183931775149293,0.2848956061589671,0.03447255133490173,0.016950767761129474,0.04955270733137034,0.18452341292672048,0.17525726428197871,0.034476839856843626,
37.778,0.4124855982240354,0.08994847731097064,0.036047097148629546,0.07658649700934966,0.33535399896214707,0.03323774331138867,0.019988525408241035,0.039122623536850094,0.179784384744196,0.18721832730751548,0.03036779036958573,
38.277,0.4199069843330498,0.09289146075469981,0.04902084427920149,0.07613842840511949,0.35998498464377804,0.03225033596070385,0.02557052141557679,0.044917003913430724,0.1944731499786951,0.1839247037418424,0.03387491476463809,
38.777,0.4263512452059887,0.09334979893471207,0.04467752983344569,0.07942476116194205,0.29974707169430076,0.032443469553312246,0.016301980043613527,0.049974951154701894,0.18484660828775146,0.1730371292811974,0.03231344168469025,
39.278,0.4322696797463224,0.09198487674662122,0.04106761426987528,0.076954742331493,0.26033258932703346,0.032823639452616016,0.016649478052379856,0.05327072276681749,0.20555972137146128,0.16141641490798136,0.033510510502480745,
39.777,0.4350929795708326,0.09454327011061191,0.04180316944598923,0.07677091140272493,0.3084245028713856,0.03313069100083997,0.015538202121608044,0.038130744013215,0.19736435006625982,0.22740022674928484,0.032077705778345095,
40.277,0.4273018243335326,0.09386979175104006,0.033184327914225965,0.07420653089254847,0.31391754324682525,0.03177446276837677,0.01804384562777538,0.042937896175820243,0.15851083517182651,0.21060376762137684,0.03372680269131941,
40.787,0.4404867736987995,0.0895608091711539,0.03188726510561235,0.07194495771232669,0.3622843345064648,0.031019382650896113,0.021220769822301144,0.05981736929471363,0.16774200489425944,0.1964390138418955,0.03506819456726527,
41.277,0.42686057575875286,0.09241660735657016,0.036004543006308634,0.07574899520399558,0.28715281605165044,0.03330245511588101,0.016487504764334898,0.041322931169640774,0.17370627605722655,0.1854848525185845,0.03435736566784012,
41.777,0.44101132740758003,0.09278890202072448,0.038639463207063976,0.07608335819914977,0.2929095942056424,0.03256606549288588,0.0152174437855757,0.04833666567977866,0.17753581543724137,0.25128173493950284,0.033782222351832036,
42.278,0.43020800014581767,0.0897230719036649,0.029953337864181657,0.07115976675538949,0.3104484821011977,0.031045830200476198,0.016955844755155863,0.04849045923687141,0.16776320752201931,0.20569475225621986,0.03309810905719198,
42.779,0.4198068186326437,0.09230177564003361,0.03240304328363492,0.07538318269353024,0.31780758884596855,0.03249352724174036,0.018513898790032346,0.04938160445782515,0.15795989047597522,0.21745521833258843,0.031028843829441943,
43.278,0.4250088023537764,0.0918073219397999,0.03422073617014017,0.07362858789115555,0.316616090607036,0.03167101952843964,0.019422730387225206,0.05685521531884132,0.16834385296062407,0.18318343719028096,0.033708811486442655,
43.777,0.4325660935222071,0.09116064798365375,0.036107805741351987,0.07453694115346197,0.2864415390067011,0.03210545867600761,0.018260669616448257,0.05111853499881153,0.17990201383674542,0.22323550695559022,0.03229464704858863,
44.284,0.4235222093450636,0.08880894811578398,0.028943257662213284,0.07245744311078106,0.25635764540065425,0.03249607619727894,0.015738080203864233,0.059492049938155676,0.16320425494055368,0.19753947643569414,0.03257627157599153,
44.785,0.43221024068188013,0.09124379845735626,0.03656291633533825,0.07408642876272965,0.3225017502711,0.031755556288616975,0.015620217574160777,0.046389620631457344,0.1745895166141022,0.2417968002195151,0.032385412870697725,
45.278,0.42658192140063406,0.08827799072792174,0.03211172376986832,0.07215307087947859,0.3364519235248192,0.031550119242064405,0.01758770497172708,0.043019334373314,0.165120866722388,0.2030809589676052,0.03257508836095423,
45.777,0.42760384494057024,0.08992179127980644,0.03971576051751025,0.0722596592280324,0.32440189068673886,0.030841963581269602,0.018154030538345592,0.04092491846298524,0.1667628100718063,0.23792614208516744,0.03288421237374119,
46.294,0.4257735480351013,0.08955922051077984,0.025768015107384502,0.06758412947503341,0.2997773547564409,0.03058967501353646,0.015019287639263848,0.04046586957592717,0.15336993235204976,0.24294245835548148,0.030877896361236206,
46.782,0.4303078826631127,0.09134375027900266,0.03578448419267299,0.07133972573177183,0.3234902441491127,0.03080568618651331,0.016097159064474953,0.06272827918277422,0.16567503222883304,0.18240162526243756,0.03029708741885208,
47.285,0.4215969409390141,0.09133518299088793,0.04556823231690588,0.07350703474622705,0.3108602295782133,0.03217168993081012,0.016293798656753455,0.051459401918258006,0.15076037188731248,0.18271039990158178,0.030111313134373426,
47.785,0.42967504153334357,0.0920267228131222,0.0336759672346083,0.07324825713353703,0.27363079397363205,0.033360913513832205,0.021303983968974982,0.045787732231684926,0.1882373267510822,0.14397705501274677,0.03322678433092299,
48.278,0.4182998480981942,0.08897964114256385,0.021007170237760556,0.0724522540001202,0.23365590019462457,0.031003783812964168,0.018010466831481393,0.041634901652776043,0.1820924871934583,0.12618491953823402,0.03203478429343788,
48.777,0.4297236110784046,0.08969657519189789,0.03214751720101123,0.07698208294628249,0.2698017267574042,0.0325906110976931,0.019925922490081766,0.04539354424654674,0.163572487221938,0.17550611645975264,0.032908415018893404,
49.279,0.41609319186429095,0.09197461821611465,0.025138004370573154,0.07253942591353714,0.28094598325808234,0.032759762945889385,0.015928627578588768,0.05570044188775965,0.15413012382251126,0.17677338423975572,0.03516929375720076,
49.779,0.4244767498787069,0.08922768249624659,0.02646569971472541,0.07280175469003144,0.2359901814813943,0.031329617004215805,0.012476315459990318,0.045845652945289354,0.15485549096797413,0.1740530678616203,0.033108632968602655,
50.277,0.4249496615301395,0.08725233951946398,0.02708358284762683,0.07237245158817886,0.2602874291168568,0.029574527815088073,0.01454900426230117,0.05367611084642094,0.16744373164925144,0.17432894006818256,0.032626478132342054,
50.778,0.4317829346246242,0.09106606522093906,0.03064435140714334,0.07408810683063959,0.25068079756254924,0.03172839809037863,0.018203286553977453,0.05415980239299407,0.16784308347755697,0.19489446737531171,0.033344473596216215,
51.279,0.43081202630202886,0.09355602090194089,0.029074332393413085,0.07545498374225175,0.2044866823286957,0.03324738461243953,0.023668733733084063,0.04219447381732357,0.168322895994147,0.14509438142760966,0.03297472604266619,
51.78,0.43900870799874386,0.09188285041561085,0.0394554254510464,0.0751312029920971,0.27325253800400745,0.03512695704462086,0.021113878618187826,0.05492607588626906,0.15429276924102805,0.1244242226000628,0.035397842395459865,
52.277,0.4242189427514061,0.08958115836570091,0.027990923890563766,0.07435901089946906,0.22585867338976207,0.033093309303063125,0.014034602046769913,0.051624384186687425,0.1699259226252991,0.07467106485510004,0.032278183300472406,
52.788,0.42592801275957626,0.08946414204379304,0.02050185928869397,0.07086346587426091,0.31094685162336033,0.033328987483555034,0.018399480032205037,0.04932602340901383,0.15873175674123474,0.1328155054906889,0.03200236857292017,
53.279,0.4382498183301715,0.09182095397100748,0.03153330434558415,0.07619823163700534,0.3472839062984414,0.03393370449067563,0.022376424605712195,0.0622052677830856,0.16201865683602246,0.14415409446690874,0.03658150182722832,
53.777,0.43208926418066695,0.091230202199166,0.03926661239583898,0.07476415410519635,0.3764534886247172,0.03432357960688463,0.021726874375008594,0.06224917852785916,0.16998983721738883,0.1462955042221041,0.03598385466668162,
54.286,0.4352700442983885,0.0915969346191121,0.038997469521752884,0.07692698917145728,0.3791109415976353,0.03354174758558535,0.01907206634183505,0.04412987920845526,0.18231281152648388,0.1584008478443873,0.03649981722935215,
54.778,0.43513447609568306,0.09300669457757134,0.035691580919559325,0.07659100766024446,0.3802937316264277,0.03440437005597127,0.023768042459168474,0.04656391077290383,0.17161791762136466,0.0677756201734572,0.03429690189091132,
55.277,0.43050918043245284,0.08861462457600564,0.035057029662801095,0.0753056608850906,0.3927002394534215,0.033908208813374904,0.015254772750834351,0.0496018061427301,0.18189582062995638,0.11410644121796297,0.035962696407788666,
55.777,0.4172181328507769,0.08915643943408605,0.03667870960847466,0.07382202700471893,0.44337392370781215,0.03200822019345637,0.018143224177875623,0.05714958140054108,0.14716267791296658,0.11018938318188104,0.03313149343694814,
56.276,0.4330851016024329,0.0908095560576029,0.03931565067921226,0.07486548623478283,0.5602987237402702,0.03402538664417353,0.016807385479813856,0.05623899822348474,0.15755453833415786,0.13334001660309447,0.03492328022744287,
56.787,0.42663282198461494,0.08939637833133098,0.03933345989366239,0.07341665656623944,0.46077702327282144,0.03309475813880419,0.019320120943056216,0.060669401309606776,0.1543529606672931,0.17326630607202317,0.03382944327412471,
57.278,0.4355102321422083,0.09246998976423755,0.0417647876991604,0.07505239497078586,0.45458689590324275,0.03404907750822922,0.017676129040982345,0.05685983072794621,0.16879326820382295,0.1639599761947405,0.034135051178683345,
57.788,0.4255064772259759,0.08952686752984437,0.03966903827127394,0.0753734796934984,0.46388519707082476,0.0349816352258085,0.022007879187523602,0.05442694885652898,0.16243639280703778,0.14690589704019236,0.03555986044116122,
58.278,0.40047177394898253,0.08669860891912369,0.024989696453897505,0.06944983677046938,0.4258580864295541,0.030855964356135517,0.014263566355788387,0.06071218600311922,0.1524113524826044,0.19812722757382237,0.03234188346100044,
58.777,0.41871843862472075,0.09097395994513711,0.03674789698562902,0.07368192155678799,0.3938792683719651,0.034862944330718064,0.018857131983575838,0.05428303057623048,0.15902188565292077,0.1708425186175014,0.03306286200231573,
59.287,0.41365443137692093,0.08636776469457201,0.030910518767243107,0.07251022731575023,0.3917826868672756,0.03275315878739203,0.019265429172390682,0.04105345992687598,0.17595125679720014,0.1169846416005789,0.03327303438826199,
59.777,0.4105672296738119,0.08728648512696034,0.021806032812900528,0.0730610968762512,0.3018961982102144,0.03195610779593617,0.013681844741960108,0.056992082206687944,0.16804022297580784,0.13788376255286794,0.03314675111081595,
60.288,0.41350175706914605,0.0874118510496359,0.038755340404996466,0.0723865437964283,0.3578381225612244,0.032731650603106906,0.019699325477798534,0.05526014359272993,0.15451125626303533,0.10824133306733488,0.033237599747461696,
60.776,0.4112550505842809,0.0900057729729321,0.044208122943624285,0.06988082891510355,0.3172890545147381,0.03288111240129309,0.022897179052880606,0.047953716316504864,0.15587704103108393,0.1453904419892774,0.03366649762553659,
61.278,0.42085729509239556,0.09089368617888337,0.04191205752385027,0.07619740906528796,0.27775587162548854,0.03436170732314795,0.02186448083793203,0.05101857562255129,0.164637385467958,0.15858818708147426,0.03430181677256049,
61.777,0.40848788683088644,0.08805080979107309,0.03382745952351444,0.06957582716093735,0.3479967666543702,0.03350336562349291,0.017259958392091067,0.05074703090441068,0.15976933509945676,0.1541643599328161,0.03255293863373281,
62.278,0.40867129111977735,0.09356614064179361,0.038056348288122176,0.07315217204727077,0.3217730179699008,0.033231197120494105,0.022829494466264668,0.03858882183429669,0.15790949755137731,0.13272904808995292,0.03567364754820577,
62.784,0.4143525780272352,0.09353415290517197,0.03344892502305317,0.07472038490498496,0.3036712152386658,0.033044348239148806,0.0203307127024555,0.04043816573820918,0.16480408871059934,0.16487505105986267,0.03301524395129268,
63.278,0.4182068928806565,0.09450188125290729,0.03009063828627558,0.07579260787809919,0.3312269735392737,0.032783222773386064,0.0223840193540685,0.047981768652191475,0.1743265774044507,0.15569733256019253,0.03480634697052365,
63.776,0.41433195447714527,0.09589277493711011,0.03406543484177589,0.07423425814483119,0.37530423192662454,0.03231954924644835,0.015156464932882217,0.05770925338612091,0.17897657543899387,0.1670511293630891,0.032099459529831904,
64.277,0.40544852631427897,0.09125842521855089,0.03383247736555611,0.07618166145840362,0.3559490205114757,0.033238520780520475,0.023717490463254397,0.042107513940883315,0.16501323251341724,0.15451917483862956,0.03269717586957145,
64.78,0.411998013753463,0.08952293467388767,0.03692596624168233,0.07607017564153942,0.30821839761103925,0.03259511420498127,0.014856990356135637,0.03976939199608365,0.15707401016362413,0.18872622723298635,0.030918115746575336,
65.283,0.4146272156054863,0.09038304526169098,0.03624231185059607,0.07633815357154222,0.3654311261543756,0.033301126287405454,0.020395789844513016,0.055057902687849665,0.15977178067954623,0.17495131096638203,0.035103401768906306,
65.786,0.40861714145903405,0.08842814295389265,0.028894529805069482,0.0734282869964727,0.3321528639003923,0.03360355605525946,0.020062681131794494,0.047877380374519905,0.17016608300324465,0.13475140746501707,0.03373835732273211,
66.278,0.4172588400573075,0.08580939220256824,0.025659675878379303,0.07088606644642914,0.3541688741530182,0.03219919295359845,0.026256509552060256,0.055361847210098875,0.18024317777570173,0.15464328101946195,0.03188174440497488,
66.777,0.4119921502117152,0.08697825594033926,0.03105705472713571,0.06909049598524693,0.29204208320719927,0.03242913286235246,0.01622644682972841,0.058633476143444725,0.1599002718252654,0.1804581249503793,0.03376781302553708,
67.276,0.42166777460180044,0.09228891172177463,0.03457358492714928,0.07321783061535035,0.28880515038153526,0.03237548435109894,0.017988239425574964,0.05274646097741183,0.16428640096193808,0.16337214420831422,0.03242905015984989,
67.777,0.41633569908948714,0.08735438147735586,0.02809793415203712,0.0713812661440171,0.3424335527434177,0.030724543831958565,0.015498398932476199,0.044196315356222315,0.1684770116706176,0.16624028177712205,0.030620785685152262,
68.286,0.4200567845509527,0.09045046480162748,0.03760686446749265,0.06952318364955232,0.2977852807358518,0.03193935731917609,0.01868116058918359,0.054913254137936934,0.16082692014161548,0.16578243976973006,0.033845188811770295,
68.779,0.41707998467033014,0.08730641952855357,0.023930849293557103,0.07157253332277001,0.31123388797168144,0.03258003378867344,0.020010899765934908,0.04749033834909094,0.16864579788558193,0.18359659801734643,0.03180607313417978,
69.277,0.42784976639212574,0.08914180265425714,0.03902297549453511,0.07321648359117182,0.33250234842193827,0.033831216416777624,0.018719032954654272,0.055398478900451346,0.17243745320730414,0.1550432301342242,0.03349096020889981,
69.777,0.42823939768202174,0.08924715778331128,0.040934842923458406,0.07116226181765924,0.23965827377369273,0.032149231514188116,0.021301531656406726,0.04376536608850465,0.16227988597841989,0.16186196519984403,0.03194894994593594,
70.289,0.42931953040714566,0.08936961993734692,0.03956361685802974,0.074341401891221,0.3220886256121339,0.03222156917880581,0.019872247111530683,0.05957437426617864,0.17431852427471878,0.1958429771565075,0.03327082346101808,
70.776,0.4317300131431433,0.09222218499175223,0.032041947012052464,0.07732102226135404,0.36343127001115105,0.034874689872518704,0.01835060410458048,0.07166554651113705,0.19304066743811965,0.24632086241871934,0.034141770083505364,
71.288,0.41944676103321143,0.08823697745986929,0.023679177073808,0.07287853686758382,0.37748234199477587,0.03291391073909063,0.018876512089228754,0.05426206903600451,0.17281543471096125,0.17711735572806714,0.0340679869537921,
71.777,0.4117818530000773,0.090079578734773,0.035071845243112,0.07271055321863519,0.3928964146656393,0.03229417775962816,0.016884796345938403,0.060780575665917394,0.18212734682304926,0.20732129971447094,0.03233880288099097,
72.287,0.3988369520728526,0.08692204827959521,0.03138449621831457,0.06936994116251481,0.31621551891505134,0.03130638024984237,0.01959426372104876,0.0411294211021786,0.1830588796799493,0.1488296397228376,0.03143334937097269,
72.777,0.41142287324505034,0.09460947472855812,0.039549618590386915,0.07783580175693802,0.34940778946077466,0.033831101037478405,0.017717839681720648,0.048625644928483626,0.19605603164952226,0.1703060168794771,0.03273373788074081,
73.288,0.4115300160331632,0.08930741765235324,0.03331632104930959,0.07150564197657774,0.3848486632601789,0.030195959345451197,0.018997653525700018,0.048489305165681194,0.1680658342673428,0.21088017231094092,0.03024232004805063,
73.777,0.40705777112174585,0.09292078941678306,0.03316552590808911,0.07427403898761942,0.38627199705595555,0.032913062064723914,0.022872122460052696,0.05758046937462817,0.18388971494919693,0.2275208731845169,0.03382621711699835,
74.278,0.4007556215354552,0.08993360885038947,0.036886084339845554,0.07394625350776701,0.3595841679869621,0.031081859012731847,0.020101212589158993,0.04382360815575563,0.18999624090907188,0.20580497484829471,0.03287261698675038,
74.777,0.41076956181435015,0.08868021773095047,0.033032043108608786,0.07294740026293403,0.34212394674572044,0.029081262791634074,0.020168037960694198,0.042642462709616,0.1886487505511329,0.2590110243404997,0.02868847046621111,
75.277,0.4150157678365476,0.08655816752054064,0.035807060428578036,0.07445314822509184,0.35622035220758586,0.02986246502848121,0.018731973183486465,0.04936410513114664,0.17728218193563466,0.23820749106070102,0.028979442257005113,
75.787,0.40281422352341356,0.08370801989572656,0.03297340783885867,0.07019976473214061,0.30816664425509155,0.030201249156952072,0.01755198634086749,0.05552846163991414,0.1700356920279839,0.2626749550013314,0.03209721621869891,
76.278,0.4104070085121337,0.09194767436861272,0.03782213527847862,0.07517971115544304,0.33743133278309695,0.03435339835976199,0.024437830257713938,0.04057538199970359,0.19138108575603938,0.2275070160804307,0.034382564443396865,
76.777,0.4004779381602681,0.09213360028357215,0.030980196341260625,0.07303061944211028,0.27260878468929745,0.033373712576195494,0.018173969820345862,0.0430185244219992,0.1675774096312966,0.2548595566832056,0.03350525253210584,
77.276,0.4125218383750503,0.09073767185769245,0.040653096077062426,0.07767240360355476,0.28642388359597515,0.03349561931138201,0.02399989321663049,0.03242550819258429,0.19166154855835577,0.2562032120803029,0.034444032973050355,
77.785,0.40928575522052135,0.09044072598743187,0.04085687110406568,0.0780574562323904,0.3564316704446981,0.0343533488211519,0.02458603302477929,0.039762007866884955,0.17175755325716233,0.22675482526319335,0.03528850065380254,
78.276,0.4041477179353607,0.09064756273904387,0.03639152958789347,0.07728369617986072,0.3320807963663942,0.033967182200198766,0.02673450278471922,0.0663100424177143,0.17113151711655453,0.21091957744857434,0.03773294701038489,
78.776,0.41042124295601023,0.09057164860051795,0.045574924839283555,0.0774476303002659,0.32497841900888186,0.034698797827481934,0.017363010444490522,0.045690428620140944,0.18141776746003424,0.23708521199612334,0.03708075510573697,
79.277,0.4134211365886255,0.09189994322938484,0.04275359202206607,0.0757939052457164,0.3666780671625701,0.03329255655317186,0.018325826515614718,0.0478189123965138,0.17000809852941465,0.2411319296485586,0.03472277393077714,
79.778,0.416987015123612,0.09096812251533086,0.04421921293238839,0.07909255606821766,0.3429710091338599,0.03229417864213103,0.0222722506948101,0.05011203257022269,0.1871021517271654,0.28803298425472423,0.03384496653597072,
80.284,0.4181901787631084,0.09036960832146701,0.03638231121651659,0.07578278235590169,0.3816310976133185,0.03362387787713221,0.021159066728140136,0.05393644496262497,0.17308864756353973,0.256069200600034,0.030631102810898283,
80.776,0.4248416806075786,0.09357188839397058,0.038425761693617354,0.07789566615996121,0.41232913064480015,0.03497647296111016,0.02802926130315772,0.05863213293768443,0.17118592005700875,0.2918717087409891,0.03675969286787866,
81.288,0.4260701155459373,0.0928841840183268,0.034229880630488,0.07612373923865019,0.35096888027028295,0.03321025117055332,0.023718609400253332,0.06595972927681933,0.1701556821166422,0.29607647767029205,0.03317434433902706,
81.776,0.4174093130172801,0.09425732638174546,0.04258431197674878,0.0773410191025138,0.39015155396699286,0.03350698570112831,0.023445336062587092,0.04498904579995607,0.18079262570301052,0.28107681838720144,0.0333831195557052,
82.286,0.41286309538516036,0.09072785164215762,0.030732366540158932,0.07626997817146695,0.3850351952126927,0.034696724863673666,0.022018808543420004,0.05164531332886921,0.16357954888042572,0.25597808885156037,0.0331477736095264,
82.785,0.4108354035856624,0.08992971160412107,0.02448866757473256,0.07480375071496378,0.41768408539490876,0.03437609059249091,0.016142858730228013,0.057054831105785214,0.17152153013877042,0.23735595173530377,0.03524451330785485,
83.284,0.4143792645130127,0.08941341462698175,0.03863219560941112,0.07823340364230925,0.4506733515798712,0.03495836019697416,0.020228577710964445,0.04775487107781678,0.16159353484541258,0.2544895841324695,0.03277632770652741,
83.777,0.4109341757143713,0.0920276285188644,0.031109596392162802,0.07303980140806518,0.36027220322219733,0.03482599948159819,0.024952302881541585,0.04767648792914654,0.1686681876309826,0.2209910477957831,0.034834159015566614,
84.276,0.4119407721509996,0.09039823143256646,0.03373152494549989,0.07694203744841394,0.3379537208333786,0.03282003778953257,0.021939332756490296,0.05554140597546234,0.1560104667322174,0.2266384428739934,0.035964005899933586,
84.796,0.4224750307783821,0.09137889170545536,0.03319298599247719,0.0768103793731877,0.3626904358369562,0.03543830368524096,0.02712345521811149,0.0556284560410938,0.15916284888931806,0.21538580669432517,0.03735834227466127,
85.278,0.42448184838886655,0.09226098485086204,0.03467304529854505,0.07128178444101947,0.280690995512979,0.03101608480004245,0.022032515959859004,0.04710743714505866,0.15217958871887186,0.25369636284962405,0.03597183673512492,
85.777,0.42743826710075367,0.09523702453964702,0.03971373821698681,0.07560851193440607,0.3629382897207057,0.03301013609494516,0.025837561426918076,0.05574933142517123,0.17889437379189826,0.34430881650364603,0.032893430201832226,
86.288,0.41671596493610485,0.08844409859895207,0.03246232753968926,0.0765451541438621,0.3729982052715575,0.03225280780444371,0.020550438623555482,0.0617836123784301,0.17266285331421788,0.2893126427194946,0.03353894596242567,
86.777,0.41178846700122185,0.09155745545344682,0.037167311424921544,0.07280184842579651,0.2966294159548155,0.03410787582482591,0.022527935978923525,0.06046228230870593,0.16669276865800048,0.26445760222781894,0.034963757380491255,
87.289,0.41679274301532876,0.09032200622652271,0.029771315561453286,0.07626235067175441,0.3702360625847085,0.03332886989450767,0.026776732869319676,0.04675860380707048,0.16883030642232083,0.23739611099161487,0.03129964562134338,
87.776,0.42020148917310757,0.09145691035479918,0.03161150409702824,0.07383888612693068,0.3441747078292939,0.03414196269451545,0.02021929462399192,0.05307908828397724,0.1716355044681505,0.26943587244683537,0.03403836502037521,
88.278,0.41728279088751224,0.08963130965696832,0.0242129013208407,0.07266400648946685,0.29179422334876304,0.03158119884941076,0.02085644539672481,0.04856536353516663,0.1708597076224419,0.22544571853565026,0.0324369479685423,
88.777,0.41739208474997186,0.08827209117175655,0.031871615046211554,0.07295901773929124,0.3033069641022552,0.031875596045818536,0.02453729966666435,0.053533446458321775,0.17872304638019368,0.20174254755260068,0.03154472227420434,
89.288,0.4174920457134007,0.0879635623519388,0.030936179237887607,0.07532787841805694,0.2569137938226662,0.03203651484720641,0.020043838875500743,0.03708791373548565,0.17127972956723797,0.2108363944002565,0.032508056169050135,
89.778,0.4156823092127098,0.08624226324819993,0.024219610532791692,0.07452277446038667,0.2981646450232298,0.03347619220720235,0.02063513777200524,0.07105172862294112,0.16658933864024894,0.2221002182992716,0.03243854074450705,
90.278,0.4284903977287408,0.08890664536500441,0.04254503709883739,0.07749920637551025,0.33590037566689673,0.03203300404080525,0.021029071081860785,0.057575436293325434,0.16579609984377167,0.24581206373739564,0.02957194885129442,
90.776,0.4269296442629826,0.09017189543630184,0.03851067542543332,0.07557907045126389,0.3742226871634056,0.03332783861732114,0.025743601102812562,0.052549956279149664,0.16968662353283193,0.16407420634876882,0.03370120593482287,
91.288,0.4273853106464127,0.08865079383745245,0.03085218343307286,0.07622182066258615,0.29942274687973436,0.03321809111194749,0.018789164010832447,0.05052586953665408,0.16904131989870394,0.18251884958806752,0.03276712897789808,
91.778,0.42026297026458187,0.08684027144690287,0.036443286365708524,0.07542856627172659,0.3235177967467094,0.03254263264096641,0.017652967337292866,0.047099359522403725,0.16829352476113943,0.18658962237032184,0.03359018449202986,
92.288,0.42771794805835384,0.09219406994486265,0.03720587723403323,0.0774698197664736,0.28472450999445886,0.03464919479769892,0.024600337889298298,0.05300552106208609,0.17851030224219122,0.22580958147101537,0.03185780268573246,
92.778,0.42555668369562694,0.08953351390939,0.021654290180296635,0.07617589230153413,0.32490099211678397,0.034206676250129436,0.022706723413452482,0.05533386142176755,0.17107900076648863,0.20726956661896626,0.03488915613150609,
93.278,0.4157063025445335,0.08812341005062313,0.03907377762827145,0.07672279545424501,0.2772815803788054,0.034483445262944806,0.024938644838552106,0.04123366402642841,0.16970825570006517,0.19093554808877383,0.034575751931216286,
93.777,0.42860509077084463,0.08984032801926306,0.03890131034961357,0.0758680858512498,0.3361626018315548,0.032907299159181044,0.01909460576462543,0.04615257983965185,0.16960244335630503,0.21650401128796004,0.03299540114999264,
94.288,0.44445931895451085,0.0887992071780885,0.03484222568325603,0.07623884674601024,0.3440284397726845,0.03255640696555101,0.020715553407582694,0.04414892576107373,0.18029703128808658,0.15739277384307812,0.03305082747777843,
94.778,0.44562023803832274,0.08667084212847853,0.02841227956665539,0.07409495529806871,0.2882070681189755,0.03304880624817528,0.019975656464175134,0.052961523630625514,0.1564339389676062,0.09345351978570923,0.033090188639942196,
95.277,0.47040561899493694,0.089597023407526,0.03515936493392256,0.07402049348527506,0.3589122317376178,0.03225261617502776,0.018886130565154556,0.05839598353017792,0.1711311089069602,0.1442355337030729,0.03156061429129521,
95.788,0.483905478169933,0.0873627573225627,0.03403204089572606,0.07530937559169343,0.32670958728658306,0.03196869776634104,0.013489668335211402,0.048636858157292864,0.17018713411537909,0.17028790409312475,0.031111914467754246,
96.277,0.5141957997075041,0.08856001287179995,0.03452866229469705,0.07705635099053214,0.3524644160321604,0.03194034103123419,0.018091898859173297,0.05418248891062725,0.17377976996813238,0.1317074348017379,0.03104457172137342,
96.778,0.5213741131966949,0.09063779915054557,0.03498820039637292,0.0751862800348182,0.40300439714662273,0.03176944700704253,0.020304076451065467,0.04603716921902991,0.17043181054199422,0.1793383661197835,0.03201854086604397,
97.277,0.5350080464556184,0.08750516656479813,0.027660431066986242,0.07501674335892818,0.421437772074013,0.030856036075590728,0.01703178931715465,0.03219780416940284,0.17767585486957743,0.13467900510707073,0.03458210684314885,
97.777,0.5505281149359404,0.09334267748708756,0.02983331735833132,0.07516925341167452,0.37134536308719723,0.03283144487890356,0.020641078363365133,0.04422818891089634,0.16666090183003918,0.2080393837394425,0.03305421274706442,
98.284,0.5459178937940314,0.09046725542309907,0.028388490236590142,0.07669418068089477,0.3540311619502356,0.03156623454203726,0.019083599573122396,0.0485843811922,0.16427011817936427,0.18691718306643265,0.031084110293100924,
98.787,0.541366088760132,0.08637514836891041,0.02478195502857035,0.07358527009786336,0.3167449721169575,0.03088020411267666,0.018140898950834122,0.059560706665958876,0.16623340928162295,0.15847888448604222,0.03369647272379262,
99.277,0.5218851280330796,0.08617935356095341,0.02226976524491327,0.07001913341309894,0.29859323235648816,0.029669383795725316,0.013654379367021362,0.041893330413212373,0.16321952933508327,0.1407713399339084,0.0309766656657842,
99.788,0.5282233756931537,0.0880048449795147,0.03475801911289061,0.07496381666119693,0.3824091336196597,0.03227559031710994,0.015574212318834,0.05295006172490312,0.17341612949324253,0.20496968043698804,0.031000060919452555,
100.282,0.5249225356549705,0.09020159751007564,0.034225970976732974,0.07511059749823612,0.35737941945903584,0.029203177066365212,0.020437040932273606,0.0430763575732838,0.17551966082285222,0.07456798060229934,0.029627367058044515,
100.782,0.5262670331633564,0.08613212493215125,0.02682654516572324,0.07551010000646009,0.3756844834657048,0.030828227941124244,0.013733396185278968,0.044336046407103126,0.1666204971693898,0.14962930516536618,0.0313970114904017,
101.285,0.5341745188531426,0.09106192262718538,0.023459020506917342,0.07917916484745423,0.39105577089263915,0.03546050862040389,0.022434604070863753,0.06546726924098836,0.1723781421898905,0.10307794275518552,0.03689662518085276,
101.786,0.5385121840312163,0.08961249331248512,0.037137879585618955,0.0758800264550824,0.40393761256123595,0.035855985733756805,0.024042551009796687,0.052105961979221266,0.1647625513602319,0.10384261346899885,0.0364600736264961,
102.279,0.525520826746182,0.09310638803840757,0.03089475617235249,0.07825468795576489,0.3358834820378213,0.034360260245474575,0.014913239874070882,0.03907287764005766,0.174292116422798,0.13853839746184501,0.03472625705354662,
102.778,0.5279172987189245,0.09095359860843226,0.03266402590582983,0.07350584262893389,0.3672010108654733,0.0330941489438809,0.018570213749706285,0.05185886115418841,0.15516742636341213,0.13766240015977432,0.03542397589234119,
103.277,0.5401278808475436,0.09292113609398853,0.04061571427465186,0.07532345718496344,0.3216813860901127,0.033599202112757236,0.019560418068021966,0.059210258679091576,0.1705899377053329,0.12627706140442582,0.032934696348727095,
103.777,0.5053182224573105,0.09037825505076295,0.03413605323137266,0.07574080744874934,0.3056804248661152,0.034202473654349606,0.01886796434545176,0.038634597656174496,0.18118626848091365,0.16523201820073738,0.03551255113993552,
104.276,0.49054172188534373,0.09001306735079552,0.03826588217453813,0.07698591945539021,0.37478150331493515,0.03477427015531436,0.02355126258525724,0.06546103830736898,0.17193494717852567,0.19208512875674374,0.03607727661930757,
104.788,0.4699509160655065,0.09017281807571066,0.03214701508303402,0.07380355566349649,0.3532765559585606,0.03423991901782391,0.02022360939698172,0.05229211943989614,0.16338173638796732,0.13410215453779092,0.035100988417300694,
105.277,0.4553015783068157,0.09155643905276102,0.0259619456652399,0.07539921600553139,0.3510932896738237,0.03181232816419434,0.01509180965637468,0.04015560918458951,0.172654656759461,0.20680797771533066,0.03434487656574166,
105.777,0.4511293947930937,0.09016306183781468,0.03892960825109064,0.07569638443714452,0.34228796879654483,0.03611283162398071,0.022429073074725046,0.0407495399220723,0.18106081279656278,0.15714749431967878,0.03488946272571615,
106.277,0.4593397528250321,0.09140540453414983,0.038005122715896934,0.07571834361206144,0.3322222129195298,0.03458602692444679,0.019355576054036525,0.059687011788614866,0.17220439788310118,0.20535412063515604,0.03554475666595646,
106.777,0.45857326117168934,0.08914282602443704,0.030799160631295293,0.07600575075115389,0.3241855954759422,0.03518921817166828,0.016748289538071344,0.043110194274853214,0.16558332628526895,0.16214657458860438,0.03258257294923291,
107.287,0.428513298158465,0.08903848277681513,0.032915295668242146,0.0747442279706828,0.38313081570610585,0.03381460701628841,0.019059539506172597,0.047411711777209084,0.1597785400422798,0.15805503636228663,0.03336119741804178,
107.779,0.4253895043898795,0.08884703670677381,0.025808334276284258,0.07237783770584556,0.3141845492181729,0.03199723177446363,0.017196515248653694,0.0570026054445477,0.15337628938928102,0.13127122665976595,0.035443985525807555,
108.278,0.4229477491076028,0.08761730229033371,0.02886071623522269,0.07364009238084072,0.2859746982837317,0.03411781396142956,0.018370898349616516,0.06011594274516409,0.1678067432606854,0.11900272856610711,0.03372656487527319,
108.777,0.4105374733472679,0.08617762028387665,0.028063254154450237,0.07173865431091273,0.282459338736406,0.03300615412628915,0.01844179104253819,0.06011914139619011,0.17414254253793682,0.1379752004821568,0.03250580563921708,
109.28,0.42502275992916433,0.09014721046271244,0.033239899453651134,0.07442314936506356,0.28466182880580115,0.034382110759676864,0.01912718114664856,0.047846463875845464,0.17343402672642444,0.19289837809213425,0.033785402289223145,
109.777,0.40648373857336,0.08757157836143557,0.027241988915036312,0.07386172580622434,0.2733932674596158,0.031620334119355414,0.01822059764871306,0.04428358520322819,0.18618158021766948,0.181807581903462,0.033263277162891396,
110.276,0.4170596724758564,0.08822290101538593,0.03489646396346181,0.07575540899657823,0.31841570571513367,0.0336901443280435,0.01642912634459582,0.05273705678584862,0.2077069524591248,0.19531251115550025,0.03271170495609787,
110.777,0.41195585444415067,0.08951837489140142,0.036526216421498066,0.07445506827880617,0.23608196273016496,0.032500942640959055,0.01803718284000543,0.06078085323841692,0.20636789769759412,0.16593944698946742,0.03325256847282587,
111.288,0.4054703884869217,0.09172387243182409,0.035591029526337074,0.07308615256955998,0.30185415981134034,0.033270816887607274,0.022374830631765905,0.06807762589487684,0.18372260202588384,0.16322975378710422,0.03535942557955366,
111.777,0.4174564562034486,0.08926288044083401,0.040112646882236515,0.0738338411282534,0.2802753285943965,0.03388001134673931,0.018030637496809738,0.05610962929577635,0.18680330478218302,0.2332156954942047,0.03155405996278953,
112.277,0.40620797384866314,0.08800546896579503,0.023518127853452364,0.0711383741330542,0.2976362762398618,0.03240089861526028,0.018171555779510958,0.05384914972253947,0.17756601191561877,0.2041979731412099,0.03041141607874939,
112.777,0.40164696609257966,0.08547554206293219,0.028059247701092395,0.0720548251930555,0.31244605289947897,0.03136939187740565,0.01681374121724711,0.06567959819902638,0.18748350923463009,0.13185024340339502,0.03320722752045908,
113.287,0.4062867733112394,0.08813251371647243,0.03356261540890543,0.07020040145159956,0.2828761767076088,0.03229323578256496,0.01893957894264287,0.07208676935798768,0.18468532356793999,0.19314863396208282,0.03278641859622295,
113.778,0.4133731100945799,0.08697188708767074,0.02963267043586802,0.07474327028270568,0.34242933755138383,0.033464063392663765,0.017131812351587027,0.061069225680332066,0.1747055981876872,0.19759862108157303,0.03253313733995589,
114.277,0.4090241234213184,0.08591798427407393,0.023968933965845814,0.07270959481101702,0.28863490263277647,0.03279518965110112,0.019364380013937015,0.0482313641273009,0.17597005062049412,0.24570597834328378,0.03344755075995127,
114.788,0.40739660941782485,0.09007584456346265,0.029229834473599406,0.07627822763756924,0.2831835332086837,0.03332212757827059,0.019254524941454687,0.06656013524672084,0.1783205656803787,0.2608285742960637,0.03279972692044709,
115.278,0.403839150115649,0.08716148559206692,0.042501849229246505,0.07585809822557081,0.29357681637067035,0.03111252336856139,0.01644087196940792,0.05340394268468484,0.18773211991925595,0.20369793255108876,0.030886286695782486,
115.777,0.4222983949543307,0.08791242368133548,0.039188589554025086,0.07453390490662609,0.2890762042515479,0.03239954016368371,0.02146735724294962,0.052487167101410825,0.1776547662462984,0.2693024701158627,0.03489372526751128,
116.278,0.41464635378009973,0.0872828040979398,0.02947456335038621,0.07138195216020878,0.27762863914861874,0.03194683883703689,0.016878145828496543,0.055935076467418035,0.1795287557963592,0.2182592021845275,0.032068773840834744,
116.782,0.42097605543071376,0.08425257321506414,0.03235962700518896,0.07370814561859684,0.31381425760098086,0.03214422808712383,0.015496938179214444,0.05166172688295263,0.17834765682367565,0.20619027231622336,0.03262315748043595,
117.277,0.42425614611357937,0.08717953480366898,0.03291886580822971,0.07416645498902466,0.2791932490904321,0.03195907400427013,0.01727801943755813,0.05802493125725769,0.16289931574295202,0.20608020863266624,0.03377237178467108,
117.789,0.42298327887222065,0.08711064639131971,0.03075300773826108,0.07381825922317235,0.31125724330177273,0.03058091567897041,0.020806638092819515,0.052441681986399716,0.1713201254017487,0.14748679977749904,0.031448124996135855,
118.277,0.41583666586122847,0.08241840561026269,0.01659857043910642,0.06766610364187899,0.2533731849469145,0.02938346906943411,0.018799626802124145,0.04749821808092372,0.18564367027980402,0.19733312253653115,0.028844895473561366,
118.78,0.4111480479305727,0.08721849610427002,0.021536185161631895,0.07333298346130707,0.25614170270081443,0.03090671265262632,0.01415876461314616,0.05953927841866329,0.17656391028224006,0.24257713178886886,0.03161353512878656,
119.281,0.3980563180222571,0.0875489368612507,0.036736477019979744,0.07433429956362768,0.24946703438689238,0.031100766048406878,0.01872187382759685,0.038442583152906586,0.17949042086875183,0.2374331185619458,0.031179252000623995,
119.784,0.39149352292023076,0.08727293585831579,0.033097830102676355,0.07022053412862785,0.2512315477902158,0.030198297409245504,0.01720714865593026,0.04446867527937797,0.17862533718105048,0.23090273559932623,0.031152842990041694,
120.286,0.3797216803058452,0.08486670781110313,0.030897073639994402,0.07098764002202335,0.29726265966969406,0.030263309259674888,0.018119401045106766,0.046699208544260795,0.16776206968368287,0.21363304960777463,0.03326820202036823,
120.777,0.3850377540300073,0.08506665060328186,0.028567321968089695,0.06932060790863159,0.23573206893778303,0.030095538162031844,0.01456174349148907,0.05264445702133768,0.1628183151883163,0.2033299979327281,0.029160445933572338,
121.277,0.39255974931495063,0.08724186422722627,0.027103521652737696,0.07239533048896155,0.33495457741122453,0.030723498038543236,0.017549916745643872,0.047034447834394144,0.16251978598483374,0.2460509032828741,0.028277079388202057,
121.778,0.40264178881536544,0.08542417927999471,0.02942465530142299,0.0725045725849003,0.2980327731466103,0.03145908859525922,0.01992613108564683,0.039780134139685015,0.17291706934198017,0.27673424647542305,0.031410683105705446,
122.277,0.39915840836679184,0.08605261884325106,0.03899954379838594,0.07114058672866808,0.35207507688584705,0.031236587440930927,0.017794278854774335,0.048430345963158664,0.17846913779680512,0.262532673306892,0.032994300248191756,
122.776,0.4149267038366611,0.08737791120514386,0.03536951395064764,0.07491361117901886,0.37049204512705414,0.031387272534861024,0.019421608820863887,0.06733438303911174,0.16189451183551376,0.3428112930276428,0.03194414675362454,
123.287,0.3924229512329939,0.08559846213361237,0.021914101193861706,0.0696447842920356,0.2688241039517622,0.03015220697868107,0.015491431723719399,0.0470743035688059,0.16405622884792037,0.29959497495034537,0.02910079802008765,
123.779,0.40345642086742356,0.08719677016510957,0.03224160066598056,0.07259880544543204,0.3130239942520356,0.03143323937254031,0.01624248706912968,0.042653059499794324,0.16971170378412997,0.3128720669829457,0.03048327336971881,
124.277,0.40741623429827034,0.08718156787729442,0.034214739841755444,0.06782825534359749,0.32411825397565885,0.030152602794165727,0.016773788154824804,0.058755418912045956,0.16983777215063103,0.2790246162657657,0.0314107616591865,
124.778,0.4074225881887258,0.08713774803218835,0.03182557850339108,0.0719908774374512,0.30653869291335484,0.029919634018983586,0.013925462451234947,0.053398110159538624,0.17195682132947765,0.26366496500375824,0.03270381401519719,
125.277,0.40364344727696394,0.08824369462320804,0.041706639765199595,0.07270296961822016,0.22813646034999788,0.030087614430975473,0.018232357881061787,0.04700083003858952,0.1593458371211281,0.2852092490793656,0.030016811785657016,
125.788,0.4050237298033583,0.08636917263849761,0.02851916537152914,0.07339145100368327,0.2650092566601044,0.02926126937617473,0.012645861585099165,0.03203734099155277,0.1735186820442319,0.2295368971267926,0.03199908451581547,
126.277,0.411344179672649,0.08542039207528346,0.03527115175369901,0.07010999268601907,0.2782199101866955,0.029614515143518344,0.015265343053582145,0.042378117364220376,0.16670453171438446,0.2706327367709646,0.03243002398247148,
126.777,0.4207571752938191,0.09465047830468037,0.05033297539609178,0.07836549171457258,0.3304445908964529,0.03539421661149744,0.019898941793054695,0.05646088898522148,0.17167284866000795,0.25369430679619837,0.03518607873744615,
127.287,0.4003646275179408,0.0909312407878808,0.03113908688341968,0.07185015811929095,0.26995583668417683,0.03230623976757728,0.02101077105716854,0.03470091801447173,0.17370929018871578,0.25380422829835575,0.03284751751844008,
127.776,0.41052700455859636,0.08983571084746288,0.03607625146403917,0.0755312880653487,0.23528352889931475,0.03363085237649499,0.014937377945250371,0.04646494435319027,0.1713486390268188,0.28098124604791064,0.03380061870622071,
128.277,0.4225224248463721,0.08933162091506218,0.032717529367586144,0.07575135892828203,0.3030839353389148,0.03374581536113346,0.020423346078301936,0.055898153194567354,0.1778347668250534,0.26880502781996385,0.0364020298183267,
128.787,0.4149353841516359,0.08930243795868752,0.03461682858761846,0.07744232172599588,0.28219814620494316,0.03264417367207573,0.017571482138178527,0.04034254157168164,0.18340722516598928,0.2605138656772049,0.03532556110615435,
129.279,0.41122868274021035,0.09349999319536993,0.03866103186909227,0.07887027872679511,0.3425935806682676,0.03203844143273663,0.015810601344529523,0.030557053815596463,0.1821202152908737,0.23918248838744877,0.034152358762694214,
129.777,0.4213923372620556,0.09234949725067317,0.04971621571047928,0.08040221512758024,0.33051111684210244,0.034017430003194855,0.018424409539493668,0.0476113301910501,0.18237979762005288,0.21400360621718512,0.03491644742757555,
130.278,0.40729065012145754,0.09041225718498834,0.027960552666220984,0.07501536287053966,0.33244807670545556,0.032800180347808384,0.019840396555292527,0.051587939879687066,0.17099297151075937,0.21463828277033298,0.035692262067737145,
130.777,0.4172269498998857,0.0938765549238218,0.035832872059166736,0.07961017066560551,0.3680162755903731,0.03490925959248104,0.02284791836282959,0.041865645839194596,0.19262864640164254,0.2383984601034951,0.03394612427758222,
131.277,0.41435538484296086,0.09092106959367766,0.032951919286823644,0.07633000719677359,0.3648328049015374,0.03273055959329622,0.018975819062422076,0.0480594320387188,0.176502389784343,0.1825503803891856,0.03294675809377759,
131.779,0.4098022178100734,0.08955377277294432,0.031959434672674474,0.07302057838165896,0.3210367096752289,0.03220391142076099,0.018775654672522898,0.038862873461227625,0.1763468052887977,0.22089939241283582,0.032218782727697425,
132.279,0.4184022073747458,0.08923042634797046,0.03775251015741494,0.07516271817639855,0.3056080257330363,0.032010667201882934,0.02176041531491974,0.03542858878990149,0.17931096751149567,0.23053921696592317,0.03512407848038548,
132.777,0.4143562970519768,0.09248367368542583,0.0384523191101131,0.07748333336782968,0.28065161588142096,0.032483741257939715,0.01718598759990525,0.05102011146538584,0.17525582060998407,0.21967300037154047,0.03126965618594906,
133.278,0.4120608259997899,0.09068520615448186,0.03021411210501501,0.07574053307825301,0.2850637776792929,0.034229536750128825,0.016841465729824194,0.05029469104118952,0.17832152478907606,0.21694899843027002,0.037076208127124095,
133.778,0.3978583251892434,0.09262604573895773,0.028795149066818487,0.07359230657654223,0.2582013811110467,0.031219702531012878,0.018248353421420168,0.027679551573782695,0.18578225266126772,0.21328589297886072,0.03175423610420165,
134.279,0.4151021226534309,0.09088241881608541,0.0321742305458358,0.07238830174662976,0.31221543320592826,0.03290129491189269,0.022336047924848827,0.046775929760396844,0.17447392047897006,0.18226892268663314,0.03419944468526656,
134.776,0.4183974204631536,0.09322970123131906,0.031929835937508706,0.07709055464585012,0.3160366734890232,0.033251995906928365,0.018820257896875053,0.03501059786770752,0.1747691067767118,0.21730504836207667,0.032845172042654976,
135.284,0.42198288161968805,0.08930991757227738,0.03977681148503989,0.07451500788632942,0.2775809755146364,0.033896058533728284,0.018482815129248535,0.051774967709674505,0.17647799650202653,0.200100010270295,0.03285455650240956,
135.778,0.41600845988577173,0.0925105509961574,0.03251615764044253,0.07142648024221349,0.2624185865474839,0.03130018291386828,0.01898510361013393,0.03192893272843755,0.17309446105679244,0.19772764227598397,0.030776085878749762,
136.278,0.4062640120443883,0.0875697235540411,0.03051237496170553,0.07694998807558485,0.26934800062873276,0.03246928165508848,0.014134993483189206,0.04304585086618538,0.19363114447643154,0.24513145425067212,0.03373388268150582,
136.777,0.3954850907457771,0.0877122759973296,0.03109582510280188,0.07229482938713078,0.21645643532773157,0.03168567003802453,0.015253873218976722,0.03877524110625316,0.17833389464349753,0.2587882554672566,0.03195753538588075,
137.295,0.3997266618912316,0.0901900114569159,0.020795999818620882,0.0736004110310975,0.2886824228724713,0.03176541644482592,0.01898317337079021,0.043280879476203134,0.19187629696876954,0.22883686455521654,0.03276309718383973,
137.782,0.41261236492100234,0.09150291464193605,0.030343687158087343,0.07570429008554827,0.39006213872241874,0.032389655380623876,0.02276863627178839,0.04602602078633481,0.18784298008741696,0.2622190143207062,0.030874731713453785,
138.282,0.4055609820641855,0.08780422130178898,0.034600918647592856,0.07203875229973675,0.2980811567389177,0.029803587605767647,0.02090254530887467,0.048344928934520096,0.18088009582832593,0.24046506575130688,0.031997570894892996,
138.787,0.3967520043417741,0.08735105774309773,0.030684304358969433,0.07328628668296806,0.3164296691875352,0.030726511582684777,0.02057774769791858,0.040661517039243936,0.17298337435069977,0.22199956088653686,0.03182825800243239,
139.287,0.39240225919432814,0.08424737234929043,0.03361431544211322,0.07163540050841999,0.28304968966181543,0.029292098823625847,0.01356888089440106,0.05270036993126688,0.1722809427011441,0.2317987944085643,0.02919636653321644,
139.778,0.40011617150468126,0.08735981783534483,0.03805148685132818,0.07488708575944442,0.32821276476413935,0.03174218620156452,0.01870937883635681,0.03963724646770725,0.18598242909190227,0.1782745946729366,0.031340527272228184,
140.277,0.40113784294842647,0.09027779935746702,0.025015480427451033,0.07520510418951233,0.3243420265964224,0.034166874859988886,0.01948591643809284,0.036769580099631334,0.18125806041518422,0.2232794228656776,0.03327900971690664,
140.795,0.41251999914204895,0.089295460038772,0.03411825546119449,0.07455347516913119,0.30736858085913277,0.03304584054016318,0.0181018500946886,0.049292086010805085,0.17305408140356549,0.1822610762287007,0.033628950211742635,
141.278,0.41073239342509354,0.08954425578425398,0.03485992808437257,0.06869939587094348,0.3777647479055321,0.031198085297861125,0.022213968392646652,0.0468895987667866,0.15845914480262482,0.19185167816260157,0.03005473457181889,
141.777,0.40935205261057905,0.08940823167494283,0.031391479616272436,0.06971118608930812,0.3476992326559089,0.031201664960772136,0.014797096550961905,0.04481300266115267,0.1599719637298097,0.2255117115823507,0.031148872855709386,
142.277,0.39813035340270875,0.08550365079372496,0.03118292087827506,0.07510674929464616,0.31897332392745503,0.030464579358237265,0.01462071088694115,0.042943475645913755,0.1634074190242226,0.2436096219488564,0.03297296974310327,
142.776,0.41124591197899024,0.0850181173204316,0.04071248762337134,0.07337595923604459,0.30925644015916753,0.03248933836306281,0.018265329127203193,0.057140760373904746,0.16806731264809302,0.20650619505219509,0.034122412940260624,
143.286,0.4002656448234246,0.088165317317878,0.03033872176907626,0.07017865763504726,0.3397945557988206,0.030853548562103005,0.019896986428750568,0.05646771534254975,0.1665159727085798,0.21473426353239336,0.03204424625393957,
143.78,0.3969972545085805,0.08742475302778781,0.015262915118113294,0.0680925730812905,0.39448113863132805,0.02915001909085926,0.010084275611320762,0.045830563333241536,0.16041842221150696,0.1839611648897455,0.029850869023271158,
144.279,0.4170957093470415,0.0926148988719469,0.034060409847081564,0.07239744359153132,0.4031363287707867,0.030642227685504664,0.019854323961178443,0.051498191143821266,0.16740828581594325,0.16829732642722486,0.03336787616884007,
144.779,0.40154388525770696,0.08347296605968099,0.023416088703218825,0.0687869824886114,0.35474277358175543,0.030677266156464114,0.01423166233598647,0.04816505757173896,0.1515570896593897,0.14742088479126664,0.03261654294598084,
145.279,0.40545517528834013,0.08556812610937556,0.01860357098053965,0.06812050003930518,0.3115225673785098,0.03008539292083552,0.011913382346740966,0.03450374083771915,0.1593662336268485,0.16399262632524753,0.03263739325716347,
145.777,0.40099491975688534,0.08608886318995314,0.015679672099075472,0.06639319097761444,0.3062044081768919,0.030569555376452597,0.016268436182199367,0.0504328153237654,0.1445915707933978,0.0982915992121216,0.0319026698608137,
146.277,0.4023813995244288,0.08859204923143478,0.030815807297117394,0.0720004395639613,0.34724228911980176,0.032516206959527484,0.012564612151553845,0.04840550366157773,0.16572596134228504,0.12301239543640834,0.0318202938218095,
146.788,0.41221616067443984,0.08656948513981658,0.042249765015280466,0.07715328041825786,0.35496770530532257,0.03274965026022367,0.016840267619996872,0.05234022617033559,0.16761260465472794,0.18605131269921904,0.033061862412958824,
147.277,0.40179657444541156,0.08630089247664534,0.02603616375924268,0.07067976358476703,0.3738888266348174,0.031911038281778,0.0209563623804773,0.04280764199323605,0.15920680975442225,0.1956119729173931,0.03268406305179022,
147.788,0.4155691411334097,0.0867842861016992,0.027785844215143626,0.07444390814657136,0.31594012139574773,0.031010109050132507,0.01720436562881605,0.043409633716501146,0.1695189001338978,0.15739020342770085,0.034048149967550276,
148.278,0.4035070256391018,0.08509111484035899,0.026936600560594805,0.06836636802556322,0.23764246502578554,0.030100004996138085,0.012494445160839023,0.04158902163175215,0.15970676723131652,0.18862920798946256,0.03070218775114467,
148.778,0.4165293042845273,0.08664673807195329,0.035094276518037065,0.07249261075106044,0.36329616280270116,0.031446812957706946,0.017586390293795398,0.04852441589878295,0.16349653007860096,0.21099899129774638,0.03253844218175648,
149.277,0.4163662852931464,0.08495572560713961,0.029835638640739792,0.06997521866157257,0.3163081874153821,0.03196571265703847,0.018260065741045477,0.05211622603262701,0.16237818211675395,0.1754084713396698,0.030526104019331705,
149.777,0.4163113815299045,0.08777153607264696,0.030082814687112106,0.07018505955322529,0.2864692439606279,0.03152198366915252,0.018484070792753153,0.056769532976392506,0.16426739016236608,0.22177239972517057,0.034149799884106886,
150.277,0.4002148821880138,0.08147890365775853,0.02590473187101154,0.06832119242919688,0.2924743031935916,0.028503659579367496,0.009183658706163634,0.04252852663822251,0.16199532122114216,0.22320201210070587,0.029489666003697637,
150.777,0.41134218573328457,0.08815912918165864,0.026692832050038685,0.06812835657090037,0.33602614432801836,0.03260241332154661,0.019513216455771486,0.05879013561478963,0.1509676555782407,0.2319298772323162,0.030979142882832354,
151.287,0.4045089760271163,0.08807200414401925,0.03764828848667996,0.07226890452409711,0.2874731019295861,0.031595678610983204,0.01819801966202434,0.03732036976498932,0.15281627434945164,0.24335634124074842,0.03301736725154815,
151.776,0.40870191763939745,0.09485446236089397,0.04293339937883056,0.07541420473060358,0.28021835927448596,0.03569079431960821,0.021546580027410604,0.053375816796655186,0.16159823109469046,0.2383742488529883,0.03754977912760029,
152.278,0.40459481232261696,0.09125336592034039,0.03900460217223328,0.07354802785682903,0.21366851155905014,0.03292852617766082,0.020125411427658026,0.04453387066928839,0.16112160923270083,0.1759621937459865,0.03517695645685387,
152.779,0.4063758581977634,0.09159898876452581,0.03273040228059302,0.07034596336398077,0.2606010561267902,0.03347942775434637,0.02195842188009429,0.06634378980574464,0.15807902516324718,0.2414181462440019,0.033943583696399014,
153.278,0.41004078135838157,0.09150958993392973,0.03639696037784905,0.07607028790855336,0.26545666448173794,0.034777763561705304,0.01293897984009505,0.06279910132638815,0.17216565768792422,0.23475088168973718,0.033745658886892904,
153.776,0.4140396439418101,0.09207739872112129,0.041442009277183126,0.07756611229481801,0.2601838566827302,0.03415251247899464,0.021322237833860648,0.040067032032373,0.17168550462892046,0.2565894351209207,0.033362578445484965,
154.276,0.40789983671894386,0.0900990821719975,0.03175153159682814,0.07350539248140671,0.2568834032147017,0.03234405570816745,0.023054779722118533,0.04118394439832652,0.16052128441335545,0.2283647305360491,0.032781677314284934,
154.785,0.40956429907406133,0.09454077890256134,0.03442737751360066,0.07434497590422177,0.23050680527739253,0.03339927941009816,0.014106713592225845,0.04726564734482453,0.1706245928623473,0.2643589409295681,0.03376620014750333,
155.277,0.41828605178662975,0.09176153294425635,0.03899623783063396,0.07791198535703199,0.2526470038674998,0.033984119018289294,0.017895802082813043,0.049923253494163274,0.15439163907937906,0.23940667628608675,0.033480600372512916,
155.797,0.4134235477737845,0.09151298113059783,0.0327926491759037,0.07283024838055012,0.298950412366713,0.03282436125423627,0.02329335111318026,0.04823779995673148,0.16496123322885314,0.17212105357100327,0.03275585367005559,
156.281,0.4192352526430053,0.08977162092229782,0.04190896613641766,0.07381603421340202,0.27395996132977174,0.034247563695519144,0.016742280583459303,0.04457125889794306,0.17877373056788032,0.21329400846613097,0.03456171667392417,
156.785,0.41581956558493244,0.09050541234765301,0.03787757616226961,0.07367450041968393,0.3879207614678828,0.03384668760368026,0.015406402445054352,0.041509609626003606,0.17593778882215616,0.2120098406228458,0.03397724534439311,
157.285,0.41340021941208077,0.08842328364709937,0.03433305753335414,0.07538808340030156,0.42092750382067,0.03387589151218107,0.017303658286624512,0.05481139290836423,0.166708829315701,0.19510203678550608,0.03514926642789235,
157.777,0.41185754837748106,0.09020539081306721,0.03628034597727372,0.07253878217738921,0.33811421478940357,0.03208583461260834,0.017720989942197323,0.03193883777640463,0.1652109817517741,0.17788044990187252,0.03480515147367948,
158.291,0.41779892317770073,0.09155012045658337,0.04327775409233726,0.07703805524643342,0.3852350777623099,0.03247524197152464,0.01898365483505964,0.05779249098899642,0.16169729437293193,0.2219529323795621,0.03492470456708133,
158.776,0.40502451523573496,0.0916503786631169,0.030256764477477795,0.07467098436285677,0.25991643247835344,0.03174393625064496,0.021072713422706495,0.047596271225807917,0.1652904840668349,0.19758451725107878,0.03476641046798386,
159.295,0.41690503045832883,0.09088585585885599,0.03677409676817244,0.07260831629614227,0.3380501564187871,0.03452351607528613,0.022672924796665984,0.05749063657892483,0.16579897790538234,0.23570388412195728,0.03298892843289862,
159.779,0.4117046797759593,0.09329969136606017,0.027853095123994396,0.07383704667518211,0.3362632197478816,0.03275004205925149,0.01949266161234665,0.039378613687092535,0.15983152417850177,0.2114267535900155,0.0333459416491007,
160.288,0.4130142109715279,0.09067497185380555,0.04187463662006008,0.07531735680442585,0.3568352832884309,0.03324109943558952,0.020075895690094738,0.04245029322106464,0.1646058385880257,0.20346569607394224,0.03532186237485932,
160.779,0.4100027901352091,0.08982060792920855,0.02140331892299762,0.07255740356779755,0.3985194657806299,0.03176048450789557,0.017450765488758162,0.04881938003104236,0.16454659376677963,0.15860433163216706,0.032452229253572634,
161.277,0.4164016873095967,0.0938930479811579,0.03044688599587079,0.07416224137791645,0.39184074359319726,0.032960723117190255,0.018351877881417126,0.036263089080046176,0.18121361852470866,0.2111673730239588,0.035203279344338194,
161.778,0.40793396611156285,0.09277535133640522,0.03915005378618033,0.0738622880408422,0.46031329539881083,0.033122379980588826,0.02044730973553617,0.03496198152468167,0.16656684445199918,0.17181688030989534,0.032253485021415035,
162.278,0.41215933947501726,0.08936960921087461,0.03773080559451935,0.07380084938090353,0.4497870230804004,0.03278889045139853,0.018099588264340855,0.03973685296788635,0.18036943443351747,0.22213925404431425,0.03469447627781405,
162.776,0.41326777958128286,0.0899278994847878,0.03195475777497556,0.06950695135146295,0.4041453877668195,0.03268785297825367,0.013094403986983931,0.05229618320648683,0.15727284722543242,0.16642849222326453,0.03506543045703937,
163.288,0.4111187307078092,0.09032727466359668,0.043059758111064834,0.07158463153221502,0.3126979248081254,0.03236663575809055,0.01702738017951789,0.04209954226864137,0.15901060067990655,0.10744777305854612,0.034535470334738735,
163.776,0.4246969286263266,0.090104326324791,0.04473949443644039,0.07345839272607972,0.3713807934035709,0.0329093596497433,0.019122671509172254,0.07179561155912927,0.15981509870643992,0.1540817414279625,0.0357279917728801,
164.277,0.4179607445911134,0.08880921758419838,0.04198858927076465,0.07270362540867983,0.34242957355432313,0.03305704679977902,0.018788501997448148,0.05626937271148221,0.16085858323251523,0.1458283172771018,0.03548794359591702,
164.788,0.41673047017697196,0.08833565484671295,0.036888012701842166,0.0714894287494882,0.33172717731238544,0.03207762505303821,0.020996964601652287,0.051274439683072194,0.1570622243063688,0.15283638908808678,0.033219656917892124,
165.278,0.41282815967358394,0.08805611514460761,0.04799954390971531,0.07153949821587538,0.3811348043195804,0.034709861836449814,0.018916276422323026,0.06304157798608595,0.15225243317198087,0.19672435783411651,0.03183908449765979,
165.778,0.41722213505856964,0.0874033296620861,0.04301293525049539,0.07320853476314387,0.3818446474225329,0.03435102186167058,0.020864165769856707,0.045651620130899365,0.15936287821740744,0.14871439757215518,0.032446979705007435,
166.279,0.3927920430048059,0.08770799668198391,0.025918203701525946,0.0717966126936148,0.3608709695946357,0.031018032510187872,0.017009152023885712,0.04012163676146004,0.1639152817928081,0.21970752395034868,0.03307883417704891,
166.776,0.4088664215205756,0.0915576092176181,0.031167314211790035,0.07458103366107201,0.35230632990378286,0.033193438230254994,0.018602582873360356,0.04688908302479888,0.17033723609845244,0.15333571598362752,0.032902042360991285,
167.287,0.40903527806686724,0.0888955008393079,0.034717762887562315,0.0754485778659224,0.42866852308741465,0.033484634797665676,0.01651732370493033,0.05674227745769861,0.17767959201015673,0.19758448797857056,0.033388490117746264,
167.778,0.40969427380331924,0.0905556654586723,0.03935346879503149,0.07528538697472721,0.45995153274916717,0.03400414456051731,0.014227087841089605,0.068404651840772,0.16064682909478786,0.23923410021056501,0.03599470983619968,
168.288,0.41034727824991574,0.09206815228982684,0.036995927538591135,0.07610692329603126,0.3734238440615689,0.032554066261171355,0.020492236954959053,0.06040973792064944,0.17236424467537192,0.21649830312578017,0.03400126601816009,
168.778,0.40731942672194466,0.09009935338279136,0.03309346649224666,0.07074045415782941,0.33334377960058387,0.03226871378313011,0.01990938530241567,0.06000928923067396,0.16389639897245206,0.16997167329764326,0.033027991623195085,
169.286,0.40773584261595996,0.08833652815525969,0.02504023489224461,0.07261143800265862,0.3848129730417846,0.03140482205705658,0.023346338476940398,0.046414566256552846,0.16437851070206,0.1780014071845616,0.030628322909771136,
169.777,0.4049830512550654,0.08827628091839781,0.034511338508650825,0.07097715637048568,0.3344229075738033,0.030879067886471035,0.016670729090808797,0.03337088600284243,0.1600312490042628,0.14629290174613335,0.030704165775072175,
170.278,0.4137586311007835,0.08950347784506543,0.039579213510784,0.0757151092787169,0.38924483660504733,0.03231211161774439,0.018155731147289907,0.04873786302748214,0.1708260652665508,0.12180434896883374,0.03193561740899403,
170.778,0.40248050802417257,0.08530141340906865,0.03466193766651279,0.07427577714716296,0.3030114376223553,0.03286001525053683,0.015066978603845855,0.05086156239951434,0.15903585966078046,0.08266180063311881,0.03252408659467041,
171.287,0.40919311524465635,0.08987259731199522,0.0479398982049762,0.07729847998167555,0.29208057558734773,0.03170237652140817,0.015165637002603942,0.031091582285281815,0.18144781610034902,0.12742428632284683,0.03231359122205888,
171.777,0.4142253841269225,0.08337044467777344,0.03689544576474665,0.07275279871807196,0.31633035974330403,0.03035118432712648,0.016804258007088364,0.05004192230815688,0.172310736854018,0.10232050377421045,0.03293813089565591,
172.276,0.4068756635006333,0.08778088154678394,0.027104961725218174,0.07112327979781143,0.3137672004049798,0.03290884584217098,0.012972883631103363,0.04490444222511587,0.15772797887415937,0.14599953984195468,0.03163426873765385,
172.778,0.4207055138070379,0.08807998131315099,0.03578177475827141,0.07560051416947579,0.28716800986188784,0.032602361712164865,0.019058934170018662,0.048183600641083464,0.16757265527649182,0.11295638800605032,0.033437234837314034,
173.277,0.4128505175380884,0.0881641765010762,0.03307525768154,0.07137222721054386,0.3276820897241109,0.031623506285716634,0.014633738468816979,0.036191325641653165,0.16520555808032464,0.15090200510850868,0.03190006115315666,
173.788,0.41266043343105085,0.09085753265320702,0.030817626938433384,0.070784199069512,0.2995290318543109,0.029503597939148286,0.011456590486895742,0.04709981572202519,0.17717143430094398,0.11645569359443897,0.03142664425186165,
174.279,0.414081112779778,0.08836908237994726,0.03781978824638202,0.07264253272541395,0.3758043998509804,0.03178811082475636,0.018364107015556123,0.05373258240385337,0.159056382674682,0.11058918175162244,0.03376739624590147,
174.777,0.40583896368023453,0.08765418271102375,0.043093390479702634,0.07057898343466372,0.38229004175077613,0.030934073014787927,0.016153238842884096,0.04799270168160406,0.16137128714639462,0.16244134436660956,0.03128583945750654,
175.28,0.4026098855430762,0.08803472145364151,0.03982180945902397,0.0689406256465219,0.3300232987430717,0.029783346203351414,0.017206264315914176,0.031205902755194876,0.15888644096912705,0.09803708765989999,0.030888737093353706,
175.783,0.4067283281414924,0.08733502004327671,0.03868907990360279,0.07206619780499121,0.3550782921057391,0.030246320651537956,0.01691676405457401,0.04721379469895867,0.15883204391276362,0.14061709828040797,0.031016464862641105,
176.286,0.40775432747793355,0.08667546038925952,0.03167069870624329,0.07054970927254725,0.40430252988343995,0.03020025006004556,0.017191759036031432,0.06401379539410446,0.16574428223084953,0.10460344668084826,0.03201791379165658,
176.778,0.4108064671785028,0.0914193317882023,0.033534735223839915,0.07497372530414691,0.40217050910017527,0.03471686387425025,0.019407552284381922,0.06740715169277033,0.17085388530303108,0.08695162884676039,0.034825519686021864,
177.294,0.4008419775665915,0.09151238371545123,0.02788030009622119,0.07163808466144228,0.3444562922107212,0.03320273777119562,0.01616743794887568,0.061940365541429176,0.16128540058017526,0.1562187658648615,0.035274102005175376,
177.776,0.4080404519439273,0.0912531260721992,0.03924905161774384,0.07564664097686508,0.37614987232230784,0.03485049084339113,0.0161313453651777,0.05463603976053093,0.15954007943439774,0.14599911887367067,0.033872152007918425,
178.286,0.4011857480089236,0.09206803996140492,0.030867786284789193,0.0741555170519202,0.3583850340067279,0.031096365034144834,0.014047827122493937,0.04052476485796707,0.15416889858678498,0.14246367692437917,0.0320706964712646,
178.778,0.41007383023501826,0.08620758349535847,0.033126859961488515,0.07287555999272438,0.278983863687758,0.032373870701690954,0.013762305368746142,0.05215560542810747,0.16049978905151696,0.11482730474834223,0.03502713244889338,
179.276,0.41322569361784806,0.0897281922937268,0.034517580889158773,0.07476685139204751,0.31469584214250956,0.033435092098109805,0.016174033542004015,0.06203051793953666,0.1652202793692001,0.132244280841607,0.03388839282856085,
179.788,0.4058180894911611,0.08823815105501066,0.032312225254537266,0.07269685682355836,0.31627486917603825,0.03172877481032397,0.017956337158665528,0.06324155540536562,0.1658485955994966,0.12465982961101468,0.03394812917110649,
180.278,0.4097063056849607,0.08900373496265118,0.02999459594123474,0.07266438035299025,0.29833943956308645,0.03156479612963026,0.017717183219212878,0.05412554539235414,0.15203241848987648,0.10553318713221618,0.030322328403742646,
180.777,0.4122416578397583,0.09148727251458622,0.03282638931156353,0.07753782082884941,0.38646303397611625,0.033306106637216115,0.02267850253691549,0.04480730760882955,0.1648989389714623,0.09685491958831212,0.03509488199906679,
181.287,0.40373964209945196,0.08546778078433,0.030726825598911177,0.06967187698383362,0.366322318107003,0.03093078111218542,0.013109207260506395,0.04184203729048126,0.1675888792180213,0.08548798634549513,0.03173205509594578,
181.778,0.40460314242310896,0.08497581284725164,0.021697754143235024,0.07271584092274448,0.3671082706679235,0.03178584929598583,0.016204793791998354,0.05330876508589388,0.17410362434865764,0.044890695781365564,0.03370987865084736,
182.277,0.4077155017632486,0.08770613926103213,0.02913861589458663,0.071286558667507,0.41865851170482377,0.031233355806008944,0.01641020170180638,0.036924942773213745,0.16944705377168265,0.04628867141672491,0.03172761288874376,
182.787,0.4126305313841102,0.08919698237110392,0.029483395477119145,0.0725371355946051,0.4825416216729882,0.0313901557526382,0.021922686012336386,0.04274021026204709,0.17287383810557555,0.036030551830064816,0.03008790620045473,
183.278,0.4027472480483084,0.08548337303634533,0.02625687298976213,0.06907769376811325,0.45003666341694465,0.03100954787201851,0.019523796399484292,0.05643437599487746,0.16097855934646152,0.03427804007612807,0.03255991761226417,
183.778,0.41736622984129856,0.08753612837213344,0.0408926759794379,0.07238162365879539,0.45504451458675094,0.03224650450490836,0.022594450210021017,0.061875755067733136,0.153380731151118,0.08927228186671357,0.03293507051797727,
184.286,0.4109026522863274,0.0848090811532937,0.03411527088713385,0.07118418482964184,0.4443573689152309,0.03156480292564217,0.014879104699747021,0.05161579957832132,0.15579900165098512,0.0809267200315475,0.032334438324927536,
184.777,0.41234958193146326,0.08702379065875422,0.03512573494947602,0.07246093994021552,0.4624074302399083,0.03203200406139587,0.022405768509372797,0.06161146401097905,0.1677721704811017,0.08074944500242855,0.03425544545109274,
185.277,0.41354305468572927,0.08812004313824838,0.03174321541657187,0.07197816499793218,0.46843408224909105,0.03065244890581713,0.018905368685579106,0.049171314825853144,0.15690574322068954,0.046673674764445595,0.03130641365343338,
185.778,0.4112339719010681,0.08893713161420337,0.034332844383571696,0.07331593075047367,0.47850446557632337,0.03191545959373098,0.019435765857149907,0.06138573451774947,0.17061759078039948,0.006375766507939669,0.03326285557078908,
186.277,0.4096213769840754,0.087687816606223,0.03564070821278876,0.0768440400448118,0.4739595655618384,0.03304575500633174,0.02358100702744274,0.05730965054803307,0.16014901563772563,0.05342553024108921,0.031105372721849905,
186.786,0.3994117739395583,0.08722586818094671,0.029276526201684056,0.07189689591827898,0.40877565512719694,0.030134546420245534,0.02362741223701386,0.04633876707152014,0.165553620393919,0.07352168073191515,0.030123088437424443,
187.278,0.39963762436380146,0.08435421611576052,0.02194717565364186,0.07196254728974631,0.36337958536478204,0.02921519717253,0.01596714179904312,0.05668233930857915,0.1623499737295053,0.044069802108604915,0.031680092240032334,
187.778,0.41047077546927524,0.08822518558925364,0.036872427016509245,0.07440447741852958,0.40977240612121346,0.032120272665091716,0.0207739654246485,0.06707371881302839,0.15972875906433653,0.037984767317527146,0.030944205780863945,
188.278,0.40385057701527943,0.08534317693079735,0.024685225549651378,0.07138245772157542,0.37327918918984926,0.031047911280581236,0.016349566126125484,0.057376821343526875,0.15473771550839577,0.05117529879804635,0.031797390743093935,
188.778,0.41812182331678943,0.08537495335058307,0.026267083675943142,0.07204118205284567,0.4220097147692391,0.030260999714103082,0.01769403290939203,0.05033565531437885,0.15692840584136478,0.04866199425610914,0.028700074726183068,
189.277,0.4140714716823839,0.0855571184141844,0.0343323465572074,0.07517095432881231,0.3792393690262235,0.029795887934586963,0.015251495112677768,0.04756844917898765,0.16275504196340218,0.03351184718569205,0.030236623190767194,
189.788,0.4094155067548969,0.08522406764127084,0.02753854180482254,0.07113259238213723,0.35077538772446254,0.031021728101360103,0.017382423563177773,0.060463178946706456,0.15540330899888657,0.04419309701967539,0.033454137321947734,
190.278,0.41230733154694876,0.08657346286179542,0.028172616216406963,0.07295966255492675,0.3245894234110394,0.031113908413526122,0.012964824655375943,0.046044163695962426,0.15969673189454905,0.05166139864794637,0.03162578085041939,
190.779,0.41017209720004333,0.08493555239197237,0.0287434075480782,0.07037905910224565,0.3559210526680469,0.028874951144428628,0.018126565163394316,0.05162826494806427,0.1647068987835297,0.019255294447827958,0.028975984800723182,
191.277,0.40638646347773427,0.08288012409713091,0.014964634618154626,0.06847316633499984,0.2809181946574042,0.029710477032360877,0.014886527663507232,0.05708653916770575,0.16650119037211009,0.04207082738059636,0.02975598398061081,
191.777,0.42432833376073914,0.09171984461669559,0.04078519078017615,0.07542780667027428,0.32762295754181914,0.03337307097862456,0.02110304275050398,0.04986645270244055,0.1675984975190351,0.08356685032067947,0.03194244163664653,
192.285,0.4182865406781899,0.08838860334977325,0.03223921453257896,0.07321205426188473,0.32313043524533996,0.03128534177548794,0.016283976259681743,0.04998687188691841,0.16564864129373538,0.01871735695715973,0.03151117757915674,
192.778,0.4207065360348968,0.08803479931579464,0.03517143388587607,0.07169100470231224,0.3894316284594312,0.031885919824729686,0.012652994151104238,0.05164259627054427,0.16418281722199055,0.09484273593582344,0.030376627712068994,
193.278,0.4078620240031304,0.08502403353801975,0.02981424355041936,0.07310723843669359,0.3157890675578959,0.02996454550854027,0.01379629680496238,0.046807103692260967,0.1840156472458389,0.043938567346155186,0.030627808627560354,
193.778,0.41130717157563434,0.0884478985991839,0.023349859196782657,0.07384266632260145,0.3489705058669085,0.031421824104333945,0.012053020133142144,0.04950288525538539,0.17134646190888228,0.1014689853578245,0.031929896940540395,
194.278,0.40239825474779334,0.08741807996819513,0.023111277808248013,0.06984114684566997,0.3965367960291737,0.028815521465962817,0.01787826077336059,0.06225894347612792,0.14329636509902086,0.03707533788733013,0.03210952360005094,
194.783,0.39639628532116944,0.08777158850709943,0.0165632476542115,0.06957555854772186,0.36452664335203033,0.03073691176459561,0.01607242559027222,0.04662600820845204,0.1643593932531097,0.03123884024479321,0.030498715972631665,
195.282,0.3900373288646366,0.08474247241437717,0.024006748743704318,0.07114988006205555,0.3770371986063601,0.03045837565012045,0.012198370633394205,0.0463428763704784,0.15888935874842852,-0.029100570689798128,0.03368964238029384,
195.784,0.3914328833634119,0.08112785175174775,0.02396097017416162,0.0710615129727746,0.5157125922056204,0.02920694878258331,0.0165807878832264,0.04944171160215848,0.17003720571332764,-0.027651954803755187,0.029356229496342555,
196.279,0.3999119845877149,0.08389354795136157,0.028604132033111174,0.07299680494310362,0.5555980378789465,0.029859473540105486,0.01419214779169362,0.04258602705271005,0.15693237172644756,-0.052924350471812494,0.030073186069043797,
196.777,0.39528273990455914,0.08329917869255488,0.03316624451380948,0.07059279443565111,0.46976651308575673,0.028838669531707176,0.014545000045467138,0.0373850345273269,0.15231422507411885,0.015921046051617455,0.03019247467732036,
197.295,0.40853303510627215,0.08747580506992508,0.026261277131995362,0.07068859741505874,0.4967596104778516,0.029453463847720487,0.01641064606294116,0.059399653318169716,0.16527849741458772,-0.000567619767014986,0.03173552613742781,
197.778,0.39871500483172206,0.08384287215225275,0.03190954426697941,0.06997993945328687,0.481081184628412,0.028742692431743277,0.016318966851126642,0.0531780056687933,0.16257220230519406,-0.018901638961054595,0.03094590322797727,
198.278,0.40236977080223274,0.08843565697929974,0.03848730524227817,0.07082603688137065,0.47036868208293436,0.030999090201966607,0.014455751234928463,0.05303099206102972,0.16485049589131043,0.010090511661420594,0.03308837413961244,
198.788,0.40161378339615744,0.08474372087698376,0.024703421008668687,0.06812565784473212,0.5345235419803885,0.02850724601048549,0.01884929884028813,0.04284760017553087,0.1739782458931434,-0.005898736656068059,0.030966264321874607,
199.277,0.4017775958345828,0.08324196601097295,0.02328192639935937,0.06920343587576028,0.48858298652449555,0.02914349940301737,0.01609003058857159,0.04441356093770452,0.167222223876126,0.013314474738425711,0.029499485540477016,
199.776,0.39378216746240596,0.08441928966329688,0.028121403995832697,0.06974717144362154,0.5006307489545124,0.02815865202184736,0.018126721756147476,0.044566475369230064,0.16332800202865982,0.003987985778669976,0.02768185535459269,
